Account,
Accounting,
Accrue,
Accumulate,
Advance,
Asset,
Assist,
Authorization,
Automated,
Average,
Balance,
Balloon payment,
Bank,
Bankrupt,
Barter,
Bear market,
Bearer,
Beneficiary,
Bills,
Bonds,
Borrow,
Broker,
Bull market,
Buy,
alculate,
Capital,
Cashier,
Changes,
Checking account,
Checks,
Circulate,
Coin,
Collateral,
Collect,
Compensate,
Compound,
Consumer,
Convert,
Correct,
Cost,
Counter,
Counterfeit,
Countersign,
Crash,
Credit,
Currency,
Debit,
Debt,
Deduct,
Delinquent,
Demand,
Denomination,
Deposit,
Discount,
Diversify,
Dividend,
Dow Jones Average,
Due,
Duty,
Earnings,
Economy,
Electronic,
Embezzle,
Endorse,
Equity,
Estimate,
Evaluate,
Exceed,
Excise,
Exempt,
Expectation,
Expenses,
Federal,
Fees,
Fiduciary,
Figures,
Finance,
Financing,
Fiscal,
Foreclosure,
Forgery,
Fortune,
Frugal,
Funds,
Gold,
Government,
Growth,
Guarantee,
Hiring,
Hologram,
Identification,
Illegal,
Imprint,
Income,
Inflation,
Inheritance,
Insider information,
Insolvent,
Installment,
Insufficient,
Interest,
Interest,
Interest-bearing,
,
Investment,
IOU,
IRA,
Joint account,
Keogh plan,
Kiting,
Lend,
Lending rate,
Liability,
Liberty Bonds,
Lien,
Liquidity,
Loan,
Long-term,
Low risk,
Maintain,
Margin,
Market,
Money,
Money laundering,
Monopoly,
Municipal bonds,
Mutual funds,
Negotiable,
Net worth,
Note,
Numismatist,
NYSE,
Obligation,
Obverse,
Officer,
Online,
OTC (over the counter),
Oversight,
Ownership,
Payment,
Percent,
Planning,
Points,
Portfolio,
Practice,
Preferred stock,
Premium,
Prepayment penalty,
Principal,
Product,
Profit,
Promissory note,
Qualms,
Quantity,
Rate,
Receipt,
Recession,
Records,
Recourse,
Redeem,
Reduction,
Regulations,
Regulations,
Reimburse,
Reliability,
Reserve,
Retirement,
Risks,
Safety deposit box,
Savings,
Securities,
Select,
Sell,
Shares,
Shylock,
Slump,
Solvent,
Speculate,
Speculative,
Split,
Statement,
Stock split,
Stocks,
Summary,
Takeover,
Tax shelter,
Tax year,
Tax-exempt bond,
Taxes,
Ticker tape,
Trade,
Transactions,
Transfer,
Treasury bill,
Trends,
Uncollected,
Underwrite,
Unofficial,
Unregulated,
Unsecured,
Untaxed,
Usury,
Utilities,
Valuable,
Value,
Value,
Vault,
Venture,
Void,
Voucher,
Wage,
Watermark,
Wide-ranging,
Withdrawal,
Yield,
Zero-coupon bond