State,Value,CV (%)
ALABAMA,4744000,35.4
ALABAMA,1790,25.8
ALABAMA,3231,21.9
ALABAMA,115836000,10.4
ALABAMA,27648000,38.7
ALABAMA,17109000,22.4
ALABAMA,35638000,32
ALABAMA,10205000,23.1
ALABAMA,77597000,16.6
ALABAMA,24299000,47.5
ALABAMA,25210000,36.7
ALABAMA,16787000,29
ALABAMA,20383000,19.1
ALABAMA,16859000,59.4
ALABAMA,29603000,39.4
ALABAMA,6244000,24.5
ALABAMA,81215000,13.7
ALABAMA,23205000,45.2
ALABAMA,15621000,24
ALABAMA,19871000,24.5
ALABAMA,7401000,25
ALABAMA,79692000,14.2
ALABAMA,17708000,27.5
ALABAMA,57845000,19.6
ALABAMA,56092000,18.1
ALABAMA,12637000,40.1
ALABAMA,14497000,34.4
ALABAMA,14236000,33.2
ALABAMA,17049000,21.8
ALABAMA,13424000,72.8
ALABAMA,16037000,31.8
ALABAMA,5972000,25.3
ALABAMA,34621000,13.6
ALABAMA,4443000,48.6
ALABAMA,21505000,36.9
ALABAMA,3335000,34.1
ALABAMA,24881,13.3
ALABAMA,15112,21.9
ALABAMA,2963,26.5
ALABAMA,2538,31.2
ALABAMA,3524,20
ALABAMA,21679,12.7
ALABAMA,2457,36
ALABAMA,646,42.9
ALABAMA,5028,22.7
ALABAMA,5126,34.5
ALABAMA,7245,26.3
ALABAMA,2296,33.5
ALABAMA,4202,17.2
ALABAMA,21011,15.3
ALABAMA,13718,23.9
ALABAMA,2713,28.4
ALABAMA,1825,39.7
ALABAMA,2465,21.2
ALABAMA,20223,15.5
ALABAMA,2823,25.1
ALABAMA,17544,20.9
ALABAMA,18774,14.3
ALABAMA,1969,42.3
ALABAMA,478,54.9
ALABAMA,4137,26.5
ALABAMA,4432,39.3
ALABAMA,6337,29.3
ALABAMA,1664,42.2
ALABAMA,3964,17.7
ALABAMA,3870,19.6
ALABAMA,1394,32.3
ALABAMA,2905,20.7
ALABAMA,695,44.3
ARKANSAS,75758000,85.5
ARKANSAS,6034,28.4
ARKANSAS,5787,22.6
ARKANSAS,713251000,8.8
ARKANSAS,264614000,19.2
ARKANSAS,30283000,31.6
ARKANSAS,54237000,19.6
ARKANSAS,180764000,24.5
ARKANSAS,48978000,43.7
ARKANSAS,112361000,22.1
ARKANSAS,407846000,14.2
ARKANSAS,116273000,17.3
ARKANSAS,183013000,27.2
ARKANSAS,475009000,12.8
ARKANSAS,27025000,39.2
ARKANSAS,80964000,18.3
ARKANSAS,35748000,56.8
ARKANSAS,79684000,17.8
ARKANSAS,8702000,37.9
ARKANSAS,646819000,7.4
ARKANSAS,239297000,16.7
ARKANSAS,26857000,35.3
ARKANSAS,43399000,19.8
ARKANSAS,167239000,25.9
ARKANSAS,47338000,45.2
ARKANSAS,106794000,22.8
ARKANSAS,554628000,9.3
ARKANSAS,92191000,17.4
ARKANSAS,235966000,9.9
ARKANSAS,364088000,12.4
ARKANSAS,36245000,28.6
ARKANSAS,372664000,14.8
ARKANSAS,110136000,18
ARKANSAS,164019000,25.4
ARKANSAS,442546000,11.4
ARKANSAS,24018000,43.7
ARKANSAS,69240000,19.5
ARKANSAS,35065000,57.9
ARKANSAS,69324000,16.4
ARKANSAS,6626000,46.8
ARKANSAS,66432000,60.5
ARKANSAS,35182000,50.3
ARKANSAS,28058,12.7
ARKANSAS,1241,15.4
ARKANSAS,8877,23
ARKANSAS,5160,26.6
ARKANSAS,3958,10.2
ARKANSAS,7068,34.4
ARKANSAS,1486,14.7
ARKANSAS,24969,14.7
ARKANSAS,1895,14.6
ARKANSAS,932,23.7
ARKANSAS,4138,8.6
ARKANSAS,4512,37
ARKANSAS,7397,25.2
ARKANSAS,5820,35.7
ARKANSAS,2486,14.7
ARKANSAS,3444,32.7
ARKANSAS,24319,13.9
ARKANSAS,1040,16
ARKANSAS,7051,25.1
ARKANSAS,4510,29.9
ARKANSAS,3559,9.4
ARKANSAS,6751,36
ARKANSAS,1404,14.9
ARKANSAS,22452,13.8
ARKANSAS,1868,54.4
ARKANSAS,5472,24
ARKANSAS,17908,15.6
ARKANSAS,564,28.4
ARKANSAS,21905,15.9
ARKANSAS,1607,15.5
ARKANSAS,808,20
ARKANSAS,3819,8.5
ARKANSAS,4134,40.2
ARKANSAS,6606,27.9
ARKANSAS,5665,36.6
ARKANSAS,2208,13.7
ARKANSAS,1887,25
ARKANSAS,3739,30
ARKANSAS,3064,36.6
CALIFORNIA,44537000,27.3
CALIFORNIA,3066,22.6
CALIFORNIA,22023,27
CALIFORNIA,1944152000,12.3
CALIFORNIA,208445000,22.6
CALIFORNIA,493665000,31.6
CALIFORNIA,192870000,21.8
CALIFORNIA,422158000,41.2
CALIFORNIA,326090000,52.5
CALIFORNIA,215775000,40.6
CALIFORNIA,1413288000,19.3
CALIFORNIA,212191000,22.8
CALIFORNIA,288955000,29.1
CALIFORNIA,801038000,13.9
CALIFORNIA,44693000,25.2
CALIFORNIA,395680000,48.4
CALIFORNIA,180414000,76.5
CALIFORNIA,484821000,57.1
CALIFORNIA,1608178000,14.3
CALIFORNIA,145413000,25.4
CALIFORNIA,473460000,32.9
CALIFORNIA,125471000,25.3
CALIFORNIA,348580000,49.1
CALIFORNIA,296335000,57.7
CALIFORNIA,163488000,51.5
CALIFORNIA,1419302000,17.1
CALIFORNIA,188877000,42.2
CALIFORNIA,403684000,15.6
CALIFORNIA,1086083000,24.7
CALIFORNIA,1216682000,22.2
CALIFORNIA,159343000,23.4
CALIFORNIA,232153000,34.6
CALIFORNIA,600358000,16.3
CALIFORNIA,354687000,53.5
CALIFORNIA,442682000,62.4
CALIFORNIA,335974000,19
CALIFORNIA,20205000,30.8
CALIFORNIA,67399000,40.8
CALIFORNIA,73578000,42.6
CALIFORNIA,29755000,28.6
CALIFORNIA,196606000,20.1
CALIFORNIA,200680000,26.4
CALIFORNIA,14362000,45.1
CALIFORNIA,40993000,67.7
CALIFORNIA,42139000,35.4
CALIFORNIA,60762,11.3
CALIFORNIA,1820,16.9
CALIFORNIA,26478,22.9
CALIFORNIA,6610,38.2
CALIFORNIA,8221,32.1
CALIFORNIA,15092,29.4
CALIFORNIA,2025,26.9
CALIFORNIA,50692,15
CALIFORNIA,7543,35.9
CALIFORNIA,2040,23.2
CALIFORNIA,13472,29.9
CALIFORNIA,4485,28.8
CALIFORNIA,16429,31.3
CALIFORNIA,8336,49.3
CALIFORNIA,16667,40.5
CALIFORNIA,54700,12.5
CALIFORNIA,1430,20.9
CALIFORNIA,24931,24.3
CALIFORNIA,5379,46.1
CALIFORNIA,7470,35.1
CALIFORNIA,13850,31.9
CALIFORNIA,1610,32.5
CALIFORNIA,50173,11.8
CALIFORNIA,4528,50.4
CALIFORNIA,19225,27.1
CALIFORNIA,34003,19.7
CALIFORNIA,46124,16.4
CALIFORNIA,6884,39.2
CALIFORNIA,1692,26.2
CALIFORNIA,11897,33.8
CALIFORNIA,15177,33.8
CALIFORNIA,15518,43.5
CALIFORNIA,6062,11.7
CALIFORNIA,1547,16.4
CALIFORNIA,1231,39.2
CALIFORNIA,751,36.6
CALIFORNIA,1241,26.4
CALIFORNIA,4569,13.5
CALIFORNIA,1575,16
CALIFORNIA,768,29.4
CALIFORNIA,1251,36.5
CALIFORNIA,1149,27.4
FLORIDA,3489,37.8
FLORIDA,197243000,25.2
FLORIDA,34788000,48.5
FLORIDA,38634000,56
FLORIDA,19241000,44.7
FLORIDA,81991000,26.5
FLORIDA,15870000,36.8
FLORIDA,34381000,41.7
FLORIDA,43320000,53.4
FLORIDA,124197000,25.9
FLORIDA,30780000,54.3
FLORIDA,121225000,26.6
FLORIDA,59280000,36.6
FLORIDA,61647000,41.6
FLORIDA,65451000,31.7
FLORIDA,73046000,51.8
FLORIDA,4008000,60.2
FLORIDA,16540000,39.3
FLORIDA,5168000,47.8
FLORIDA,19047,22
FLORIDA,10410,28
FLORIDA,1845,42.4
FLORIDA,4545,39.6
FLORIDA,16624,25
FLORIDA,6762,41.3
FLORIDA,3623,30.4
FLORIDA,1998,42.2
FLORIDA,16654,24.9
FLORIDA,8972,32.2
FLORIDA,15778,25.1
FLORIDA,3309,37.8
FLORIDA,12776,28.1
FLORIDA,14730,28
FLORIDA,2394,22.8
FLORIDA,1439,28.7
FLORIDA,1894,25.7
FLORIDA,860,40.4
GEORGIA,29200000,70.5
GEORGIA,3326,47.6
GEORGIA,3967,41.4
GEORGIA,197613000,6.8
GEORGIA,26119000,30.8
GEORGIA,37561000,15.9
GEORGIA,44921000,18.9
GEORGIA,30346000,13.8
GEORGIA,37006000,22.2
GEORGIA,152289000,7.6
GEORGIA,26882000,22.5
GEORGIA,51984000,19.9
GEORGIA,28058000,26.3
GEORGIA,45908000,13.8
GEORGIA,7813000,19.3
GEORGIA,51196000,19
GEORGIA,8821000,55.9
GEORGIA,156910000,7.7
GEORGIA,23560000,34
GEORGIA,29809000,18.6
GEORGIA,38645000,21.2
GEORGIA,23773000,15.8
GEORGIA,27648000,26.1
GEORGIA,144599000,8.6
GEORGIA,26870000,23
GEORGIA,114340000,10.3
GEORGIA,123507000,8.8
GEORGIA,23996000,24.6
GEORGIA,40295000,22.8
GEORGIA,22209000,32.3
GEORGIA,35810000,16.4
GEORGIA,7024000,20.8
GEORGIA,43032000,20.8
GEORGIA,8540000,57.7
GEORGIA,40703000,15.3
GEORGIA,2559000,37.1
GEORGIA,7753000,27.8
GEORGIA,6573000,28.2
GEORGIA,28781000,14.1
GEORGIA,5848000,30.7
GEORGIA,10098000,22.5
GEORGIA,30262,10.9
GEORGIA,15027,27.9
GEORGIA,3581,21
GEORGIA,1566,14.2
GEORGIA,9067,18.4
GEORGIA,824,21.4
GEORGIA,26245,12
GEORGIA,3761,38.7
GEORGIA,1190,16.5
GEORGIA,9500,32.2
GEORGIA,7573,19.1
GEORGIA,2711,16
GEORGIA,2085,14.3
GEORGIA,7139,48.9
GEORGIA,26145,12.4
GEORGIA,13523,30.8
GEORGIA,2733,25.6
GEORGIA,1367,15.7
GEORGIA,7936,20.8
GEORGIA,503,19.3
GEORGIA,25817,12.5
GEORGIA,3685,43.5
GEORGIA,21542,12.8
GEORGIA,22411,13.9
GEORGIA,3599,40.4
GEORGIA,907,19.4
GEORGIA,8238,37
GEORGIA,6191,22.5
GEORGIA,2365,17.1
GEORGIA,1804,14.6
GEORGIA,6640,52.5
GEORGIA,4116,12.1
GEORGIA,1505,28.7
GEORGIA,848,32.3
GEORGIA,1131,23.7
GEORGIA,3834,12.5
GEORGIA,1261,19.9
GEORGIA,1382,27.2
IDAHO,2679,21.1
IDAHO,461193000,10.5
IDAHO,83052000,30.3
IDAHO,24852000,28.6
IDAHO,73199000,23.3
IDAHO,134650000,26.1
IDAHO,39947000,22.4
IDAHO,56707000,27.1
IDAHO,317410000,15.3
IDAHO,48233000,17.7
IDAHO,89870000,27.2
IDAHO,259009000,13.9
IDAHO,24020000,25.8
IDAHO,92751000,34
IDAHO,18457000,39.1
IDAHO,59176000,20.2
IDAHO,319337000,12.6
IDAHO,62318000,38
IDAHO,19432000,32.7
IDAHO,65178000,25.9
IDAHO,68046000,27.3
IDAHO,33729000,25.7
IDAHO,288175000,14.9
IDAHO,127383000,25.7
IDAHO,149065000,14.1
IDAHO,220688000,18.1
IDAHO,35426000,21.5
IDAHO,180583000,17.1
IDAHO,19569000,26.9
IDAHO,60083000,26.8
IDAHO,39252000,27.7
IDAHO,141856000,18.7
IDAHO,5420000,58.5
IDAHO,8021000,30.4
IDAHO,66604000,44.9
IDAHO,6219000,36.3
IDAHO,96722000,28.3
IDAHO,78426000,23.6
IDAHO,32668000,83
IDAHO,19924000,25.1
IDAHO,16590,8.4
IDAHO,774,16.2
IDAHO,5635,19.8
IDAHO,2552,17.1
IDAHO,2837,17.8
IDAHO,3763,17.2
IDAHO,819,22.4
IDAHO,14033,10.5
IDAHO,1675,15.2
IDAHO,680,27.2
IDAHO,2678,11.7
IDAHO,2863,22.1
IDAHO,4314,15.7
IDAHO,3043,26.4
IDAHO,2152,19.7
IDAHO,13076,10.2
IDAHO,460,21.9
IDAHO,4840,22.1
IDAHO,2100,20.2
IDAHO,1843,22.6
IDAHO,3462,18.5
IDAHO,11889,9.5
IDAHO,2459,19.4
IDAHO,8159,15.2
IDAHO,11304,12.5
IDAHO,1299,18.2
IDAHO,1772,16.5
IDAHO,2334,23
IDAHO,3460,18
IDAHO,1424,27.5
IDAHO,3514,11.6
IDAHO,795,41.6
IDAHO,452,23.4
IDAHO,994,28.8
IDAHO,301,28.6
IDAHO,2729,15.9
IDAHO,907,12.8
IDAHO,854,31.3
IDAHO,728,22
ILLINOIS,2757,26.7
ILLINOIS,114226000,23.7
ILLINOIS,18065,8.5
ILLINOIS,26731,6.8
ILLINOIS,2109,28.9
ILLINOIS,3751674000,2.4
ILLINOIS,346146000,28.3
ILLINOIS,223687000,8.4
ILLINOIS,723882000,9.9
ILLINOIS,1289420000,6.4
ILLINOIS,384060000,9.5
ILLINOIS,557419000,14.3
ILLINOIS,2409096000,5.5
ILLINOIS,573001000,9
ILLINOIS,620906000,24
ILLINOIS,2404397000,4.1
ILLINOIS,163884000,23.7
ILLINOIS,444126000,9.9
ILLINOIS,73308000,17.4
ILLINOIS,468809000,8.5
ILLINOIS,48480000,21.8
ILLINOIS,2928607000,2.3
ILLINOIS,250576000,20.5
ILLINOIS,187285000,9.3
ILLINOIS,650339000,10.7
ILLINOIS,1108747000,6
ILLINOIS,344899000,10.3
ILLINOIS,375020000,13.5
ILLINOIS,2648670000,2.7
ILLINOIS,279937000,15.5
ILLINOIS,1003138000,6.4
ILLINOIS,1697602000,4.9
ILLINOIS,100237000,27.7
ILLINOIS,127630000,25.4
ILLINOIS,1966101000,4.2
ILLINOIS,518098000,9.3
ILLINOIS,444408000,13.8
ILLINOIS,1839437000,4.6
ILLINOIS,147562000,26.1
ILLINOIS,399542000,10.8
ILLINOIS,68072000,18.6
ILLINOIS,428737000,9.1
ILLINOIS,45257000,23.2
ILLINOIS,823067000,7.3
ILLINOIS,36402000,20
ILLINOIS,73543000,23.8
ILLINOIS,180673000,27.1
ILLINOIS,39161000,22.6
ILLINOIS,442995000,23.2
ILLINOIS,564959000,9
ILLINOIS,16322000,30.3
ILLINOIS,44584000,18.9
ILLINOIS,40072000,23.3
ILLINOIS,124457,3.5
ILLINOIS,879,32.2
ILLINOIS,51459,6.6
ILLINOIS,23589,8.4
ILLINOIS,18421,6.4
ILLINOIS,25316,6.9
ILLINOIS,3504,11.1
ILLINOIS,106435,3.9
ILLINOIS,12042,8.6
ILLINOIS,4705,13.9
ILLINOIS,29952,4.4
ILLINOIS,18675,8.8
ILLINOIS,28822,9.3
ILLINOIS,13169,13.9
ILLINOIS,18046,8.1
ILLINOIS,14518,11.7
ILLINOIS,107705,3.8
ILLINOIS,564,19.9
ILLINOIS,43956,7.2
ILLINOIS,21349,9.1
ILLINOIS,16459,6.4
ILLINOIS,22932,7.4
ILLINOIS,2443,10
ILLINOIS,97305,4.4
ILLINOIS,10400,10.5
ILLINOIS,25904,7.9
ILLINOIS,76247,3.7
ILLINOIS,1643,29.9
ILLINOIS,3911,23.1
ILLINOIS,93208,4.2
ILLINOIS,10645,9.2
ILLINOIS,3851,15.5
ILLINOIS,25625,4.5
ILLINOIS,16593,9.8
ILLINOIS,25299,10.1
ILLINOIS,11596,15.5
ILLINOIS,16232,8.6
ILLINOIS,12361,12.8
ILLINOIS,16752,8.7
ILLINOIS,7503,15.5
ILLINOIS,2240,20.9
ILLINOIS,1962,25.5
ILLINOIS,2383,15.9
ILLINOIS,13227,10.5
ILLINOIS,4327,15.1
ILLINOIS,2083,15.8
ILLINOIS,3523,20.5
ILLINOIS,1814,23.2
INDIANA,87426000,78.5
INDIANA,6356,19.2
INDIANA,14905,10.9
INDIANA,1501488000,2.7
INDIANA,211753000,39.5
INDIANA,126856000,10
INDIANA,283917000,9.6
INDIANA,501022000,12.3
INDIANA,196629000,10.4
INDIANA,152815000,30.7
INDIANA,1058386000,6.3
INDIANA,289865000,23.5
INDIANA,124740000,21
INDIANA,805711000,6.5
INDIANA,98209000,12.6
INDIANA,246622000,10.8
INDIANA,44722000,19.6
INDIANA,253324000,12.5
INDIANA,24404000,25.7
INDIANA,1252876000,2.7
INDIANA,136955000,24.8
INDIANA,109740000,11
INDIANA,263849000,10
INDIANA,440861000,11.6
INDIANA,181281000,10.9
INDIANA,120190000,28.6
INDIANA,1046036000,3.9
INDIANA,206840000,16.1
INDIANA,418133000,10.2
INDIANA,775460000,5.8
INDIANA,952108000,5.2
INDIANA,184206000,18.9
INDIANA,116563000,21.6
INDIANA,646206000,6.8
INDIANA,90871000,13.4
INDIANA,223368000,11.5
INDIANA,41979000,20.8
INDIANA,227140000,12.9
INDIANA,23312000,26.8
INDIANA,248612000,9.4
INDIANA,17116000,21
INDIANA,20068000,35.6
INDIANA,60161000,57.2
INDIANA,15348000,35.4
INDIANA,106279000,41.7
INDIANA,105660000,55.5
INDIANA,159505000,18.1
INDIANA,7338000,31.7
INDIANA,23254000,28.6
INDIANA,26184000,45.4
INDIANA,76218,4.9
INDIANA,712,40.5
INDIANA,37248,8.7
INDIANA,10917,8.7
INDIANA,8336,11.5
INDIANA,16857,9.8
INDIANA,1316,40.2
INDIANA,65517,5.4
INDIANA,8270,12.7
INDIANA,1598,25.6
INDIANA,9653,8.1
INDIANA,12838,12
INDIANA,20419,10.7
INDIANA,10569,13.2
INDIANA,10572,11.1
INDIANA,11335,18.1
INDIANA,67402,5.3
INDIANA,461,28.4
INDIANA,32955,9.7
INDIANA,10199,9.1
INDIANA,7350,11
INDIANA,15598,10.2
INDIANA,840,27.3
INDIANA,59217,5
INDIANA,8185,17.4
INDIANA,15105,8.9
INDIANA,50045,7.7
INDIANA,58866,5.8
INDIANA,7053,14.2
INDIANA,1484,27
INDIANA,8132,7
INDIANA,11554,12.9
INDIANA,18094,11.5
INDIANA,9486,14.3
INDIANA,9733,11.6
INDIANA,10404,19.4
INDIANA,8816,12.5
INDIANA,4292,12.8
INDIANA,718,33.8
INDIANA,986,53.4
INDIANA,1259,33.6
INDIANA,6651,15.6
INDIANA,1218,25.6
INDIANA,1521,35.8
INDIANA,1284,31.4
INDIANA,2325,26.9
INDIANA,839,38.7
IOWA,1575,26.5
IOWA,57084000,23.7
IOWA,9916,9
IOWA,17473,7.7
IOWA,3736212000,1.8
IOWA,363668000,22.1
IOWA,117651000,9.3
IOWA,935817000,4.7
IOWA,1223164000,6.5
IOWA,418726000,7.7
IOWA,603549000,14.1
IOWA,2322963000,4.1
IOWA,758410000,10.1
IOWA,581201000,14.6
IOWA,2343174000,4
IOWA,157400000,10.1
IOWA,476640000,7.9
IOWA,37928000,21
IOWA,630442000,8.4
IOWA,16991000,26.1
IOWA,2813681000,1.7
IOWA,250069000,22.3
IOWA,94266000,10.9
IOWA,793806000,5.1
IOWA,944717000,5.6
IOWA,352798000,8.4
IOWA,378026000,16
IOWA,2520092000,1.6
IOWA,293590000,17
IOWA,840551000,7.1
IOWA,1797447000,3.3
IOWA,109741000,29.1
IOWA,1860486000,3.7
IOWA,569960000,10.4
IOWA,383235000,12
IOWA,1722289000,4.4
IOWA,139976000,11.1
IOWA,392890000,8.6
IOWA,35667000,21.7
IOWA,508138000,7.9
IOWA,14722000,29.8
IOWA,922530000,5.2
IOWA,23386000,15.2
IOWA,142011000,11.9
IOWA,278447000,20.9
IOWA,65928000,18.9
IOWA,462477000,14.1
IOWA,188450000,25.9
IOWA,620885000,8.7
IOWA,17424000,21.1
IOWA,83750000,19.8
IOWA,122304000,28.3
IOWA,2269000,24.1
IOWA,106097,3.5
IOWA,903,23.5
IOWA,25700,8.9
IOWA,29432,5.5
IOWA,19076,6.2
IOWA,24812,7.8
IOWA,4029,13.3
IOWA,84506,4.8
IOWA,15194,11.1
IOWA,4253,12.1
IOWA,30737,3.7
IOWA,12334,9.9
IOWA,23048,7.7
IOWA,6144,15.7
IOWA,23386,7.2
IOWA,8304,14.6
IOWA,83596,4.2
IOWA,537,21.1
IOWA,19940,10.9
IOWA,24865,6.2
IOWA,15016,6
IOWA,20585,8.8
IOWA,2653,15.1
IOWA,76955,4.3
IOWA,6640,13.7
IOWA,17322,6.8
IOWA,63305,4.4
IOWA,1831,33.1
IOWA,68547,5.7
IOWA,12183,13.1
IOWA,2866,13.2
IOWA,23954,4.1
IOWA,9287,11.7
IOWA,18763,8.6
IOWA,5335,16.8
IOWA,19868,8
IOWA,6390,17.6
IOWA,22501,5.1
IOWA,5761,12.6
IOWA,4567,11.6
IOWA,4060,18.8
IOWA,4227,15.2
IOWA,15959,6.9
IOWA,3011,18.3
IOWA,6783,8.7
IOWA,3047,18.8
IOWA,4285,17
IOWA,3519,16.7
IOWA,1913,24.2
KANSAS,1865,28.9
KANSAS,1984,28
KANSAS,303129000,16.3
KANSAS,20686,6.1
KANSAS,18229,8
KANSAS,1390135000,5.4
KANSAS,284615000,12.9
KANSAS,23955000,17.3
KANSAS,230750000,9.8
KANSAS,383811000,8.7
KANSAS,75842000,13.6
KANSAS,276943000,11.4
KANSAS,774331000,5
KANSAS,251545000,10.8
KANSAS,270473000,11.9
KANSAS,630088000,6.2
KANSAS,67293000,16.8
KANSAS,269269000,8
KANSAS,46355000,32.5
KANSAS,271138000,10
KANSAS,12207000,23
KANSAS,1044111000,3.4
KANSAS,192451000,12.3
KANSAS,20974000,19.4
KANSAS,200822000,11.1
KANSAS,314735000,10
KANSAS,65644000,15.3
KANSAS,229052000,13
KANSAS,953628000,3.7
KANSAS,90483000,16.8
KANSAS,456919000,8.7
KANSAS,531059000,6
KANSAS,41189000,27.3
KANSAS,622016000,5.7
KANSAS,221115000,11.6
KANSAS,200980000,11
KANSAS,484064000,6.2
KANSAS,54861000,19.9
KANSAS,232803000,8.9
KANSAS,42800000,35.1
KANSAS,218941000,11.6
KANSAS,10642000,26.1
KANSAS,346024000,19
KANSAS,92165000,30.5
KANSAS,2980000,24.5
KANSAS,29928000,12.6
KANSAS,69076000,16.1
KANSAS,10198000,20.3
KANSAS,47891000,20.8
KANSAS,152315000,10.2
KANSAS,30431000,28.4
KANSAS,69493000,33.8
KANSAS,146024000,16.9
KANSAS,12431000,23.9
KANSAS,36466000,16.5
KANSAS,3556000,30.5
KANSAS,52197000,18.2
KANSAS,1564000,26.1
KANSAS,81617,4.6
KANSAS,3305,8.5
KANSAS,15458,17.1
KANSAS,20566,7.4
KANSAS,19265,6.6
KANSAS,14358,9.6
KANSAS,8031,9.8
KANSAS,63481,5.8
KANSAS,11603,8.5
KANSAS,5914,10
KANSAS,13917,5.4
KANSAS,10974,13.9
KANSAS,24629,6.7
KANSAS,8181,17.1
KANSAS,14938,6.4
KANSAS,8360,20.4
KANSAS,66726,5.5
KANSAS,2201,10.1
KANSAS,12941,19.7
KANSAS,17140,8.6
KANSAS,15413,7.7
KANSAS,12582,10.8
KANSAS,6434,11.4
KANSAS,62757,5.9
KANSAS,3970,17.3
KANSAS,18011,9.3
KANSAS,46788,6.3
KANSAS,1247,24
KANSAS,51957,6.9
KANSAS,10139,9.3
KANSAS,4630,12.1
KANSAS,10934,6.2
KANSAS,9156,16.4
KANSAS,20774,7.5
KANSAS,6342,19
KANSAS,12226,7.3
KANSAS,7294,23.1
KANSAS,14891,5.8
KANSAS,1104,15.4
KANSAS,2517,28.6
KANSAS,3426,10
KANSAS,3852,11.6
KANSAS,1776,16.3
KANSAS,1597,17.3
KANSAS,11524,7.4
KANSAS,1463,17.9
KANSAS,1284,15.1
KANSAS,2982,10.9
KANSAS,1818,15.7
KANSAS,3855,13.7
KANSAS,1840,38.5
KANSAS,2711,12.1
KANSAS,1066,21.5
KENTUCKY,10147000,29.4
KENTUCKY,4545,19
KENTUCKY,485243000,6.9
KENTUCKY,52061000,18.6
KENTUCKY,153619000,16.7
KENTUCKY,123350000,28.3
KENTUCKY,70175000,17.1
KENTUCKY,404891000,9.8
KENTUCKY,37407000,26.3
KENTUCKY,117909000,25.5
KENTUCKY,59589000,21.5
KENTUCKY,100512000,17
KENTUCKY,42316000,36.2
KENTUCKY,136219000,27.8
KENTUCKY,28474000,27
KENTUCKY,370782000,8.3
KENTUCKY,35377000,24.1
KENTUCKY,100597000,18.6
KENTUCKY,103016000,31.8
KENTUCKY,45977000,21.7
KENTUCKY,293883000,11
KENTUCKY,76899000,22.3
KENTUCKY,315338000,12.3
KENTUCKY,311756000,11.5
KENTUCKY,105637000,27.4
KENTUCKY,44503000,26.9
KENTUCKY,59481000,23.6
KENTUCKY,35462000,42.4
KENTUCKY,104861000,34.6
KENTUCKY,20838000,30.2
KENTUCKY,114460000,11.8
KENTUCKY,16684000,27.8
KENTUCKY,53022000,33.2
KENTUCKY,24198000,27.5
KENTUCKY,93135000,18.1
KENTUCKY,15086000,30
KENTUCKY,41031000,23.7
KENTUCKY,6854000,43.2
KENTUCKY,7635000,57.9
KENTUCKY,40552,15
KENTUCKY,19729,30.3
KENTUCKY,8301,14.5
KENTUCKY,3819,25.5
KENTUCKY,7958,16.8
KENTUCKY,36289,16.4
KENTUCKY,2409,25.3
KENTUCKY,1706,21.5
KENTUCKY,9205,19.3
KENTUCKY,7902,19.7
KENTUCKY,8081,63.3
KENTUCKY,5326,20.9
KENTUCKY,8265,23.8
KENTUCKY,29959,19.9
KENTUCKY,14767,39.7
KENTUCKY,5611,18.1
KENTUCKY,3467,27.5
KENTUCKY,5436,21.7
KENTUCKY,23744,14.3
KENTUCKY,6215,63.2
KENTUCKY,27545,21.4
KENTUCKY,26951,21.5
KENTUCKY,1542,22.9
KENTUCKY,6806,24.6
KENTUCKY,5586,25.6
KENTUCKY,6465,78.8
KENTUCKY,4063,25.8
KENTUCKY,5497,28.3
KENTUCKY,10594,12
KENTUCKY,4962,24.2
KENTUCKY,2690,23.9
KENTUCKY,2522,24.9
KENTUCKY,9338,15.5
KENTUCKY,2399,24
KENTUCKY,2316,26.1
KENTUCKY,1616,28.8
KENTUCKY,2768,43.4
MICHIGAN,20455000,39.1
MICHIGAN,5557,30.4
MICHIGAN,8547,22.9
MICHIGAN,434153000,7.9
MICHIGAN,79035000,25
MICHIGAN,115708000,30.9
MICHIGAN,79550000,41.4
MICHIGAN,114894000,19.3
MICHIGAN,331956000,15.5
MICHIGAN,71262000,25.8
MICHIGAN,97510000,34
MICHIGAN,38951000,29.3
MICHIGAN,111367000,25.1
MICHIGAN,39686000,36.5
MICHIGAN,101806000,28.7
MICHIGAN,32413000,28.4
MICHIGAN,339512000,7.1
MICHIGAN,65164000,19
MICHIGAN,97535000,35.9
MICHIGAN,51125000,30.7
MICHIGAN,96802000,21.3
MICHIGAN,318009000,8.2
MICHIGAN,21503000,38.2
MICHIGAN,83950000,15.8
MICHIGAN,236151000,10.7
MICHIGAN,276343000,7.3
MICHIGAN,71159000,16.4
MICHIGAN,31085000,26.1
MICHIGAN,87857000,24.4
MICHIGAN,87610000,32.5
MICHIGAN,30770000,29.5
MICHIGAN,94641000,26.2
MICHIGAN,13871000,111.4
MICHIGAN,18091000,44.8
MICHIGAN,55613000,84.9
MICHIGAN,7867000,102.3
MICHIGAN,23510000,76.7
MICHIGAN,8655000,115.4
MICHIGAN,1643000,101.7
MICHIGAN,60772,9.5
MICHIGAN,34641,17.2
MICHIGAN,7482,20.6
MICHIGAN,2271,26.8
MICHIGAN,14890,22.3
MICHIGAN,51427,10.7
MICHIGAN,6161,22.1
MICHIGAN,3040,19.5
MICHIGAN,10680,32.9
MICHIGAN,12967,33.4
MICHIGAN,8079,28
MICHIGAN,6168,25
MICHIGAN,18868,23.4
MICHIGAN,52013,10.6
MICHIGAN,30586,19.3
MICHIGAN,6645,22.1
MICHIGAN,1661,34.2
MICHIGAN,12777,24.7
MICHIGAN,45821,10.1
MICHIGAN,6192,32.6
MICHIGAN,7840,23.7
MICHIGAN,42045,11.3
MICHIGAN,45034,12
MICHIGAN,2493,22.2
MICHIGAN,9331,34.7
MICHIGAN,10896,27.4
MICHIGAN,5170,27
MICHIGAN,17439,24
MICHIGAN,8760,17.8
MICHIGAN,4055,20.3
MICHIGAN,2113,47.8
MICHIGAN,6393,16.6
MICHIGAN,1349,100.7
MICHIGAN,2071,151.1
MICHIGAN,1396,100.8
MICHIGAN,1429,100.6
MINNESOTA,8141000,22
MINNESOTA,3430,15.1
MINNESOTA,12379,11.6
MINNESOTA,1965201000,3.9
MINNESOTA,97272000,48.7
MINNESOTA,88228000,14.9
MINNESOTA,468702000,7.1
MINNESOTA,631248000,6.5
MINNESOTA,202941000,11.9
MINNESOTA,323457000,37.7
MINNESOTA,1218341000,11
MINNESOTA,436869000,11.8
MINNESOTA,265868000,38.5
MINNESOTA,1120816000,6.8
MINNESOTA,81085000,13.9
MINNESOTA,280075000,11.5
MINNESOTA,26937000,17.5
MINNESOTA,403287000,10
MINNESOTA,8877000,22.4
MINNESOTA,1444537000,3
MINNESOTA,67668000,18.4
MINNESOTA,403736000,7.7
MINNESOTA,549877000,6.6
MINNESOTA,176472000,13.3
MINNESOTA,193467000,13.9
MINNESOTA,1279103000,3.4
MINNESOTA,165434000,14.6
MINNESOTA,371428000,8.9
MINNESOTA,1025376000,4.2
MINNESOTA,965591000,5.1
MINNESOTA,346659000,8.5
MINNESOTA,132287000,16.9
MINNESOTA,749892000,7.1
MINNESOTA,70058000,15.5
MINNESOTA,235790000,13.2
MINNESOTA,19378000,21.3
MINNESOTA,363659000,10.8
MINNESOTA,5760000,28.1
MINNESOTA,520664000,12
MINNESOTA,20560000,19.7
MINNESOTA,64966000,18
MINNESOTA,81371000,23.3
MINNESOTA,26470000,21.4
MINNESOTA,252750000,49.4
MINNESOTA,90211000,47.1
MINNESOTA,370924000,14.8
MINNESOTA,11027000,27.7
MINNESOTA,44285000,20.1
MINNESOTA,7559000,30.1
MINNESOTA,39628000,23.5
MINNESOTA,3118000,37.3
MINNESOTA,79958,3.9
MINNESOTA,362,54.7
MINNESOTA,25132,9.5
MINNESOTA,19674,5.9
MINNESOTA,12349,6.6
MINNESOTA,18219,9
MINNESOTA,2677,23.3
MINNESOTA,63647,4.7
MINNESOTA,12306,8.8
MINNESOTA,2515,14.7
MINNESOTA,15359,9.1
MINNESOTA,12794,11
MINNESOTA,20343,9.4
MINNESOTA,7047,13.9
MINNESOTA,16727,7.1
MINNESOTA,6199,17.9
MINNESOTA,65054,4.1
MINNESOTA,19680,11.1
MINNESOTA,16646,6.4
MINNESOTA,10873,6.9
MINNESOTA,15866,10
MINNESOTA,1816,12.2
MINNESOTA,58556,3.8
MINNESOTA,6498,20.4
MINNESOTA,11823,11
MINNESOTA,51872,5.4
MINNESOTA,52224,5.1
MINNESOTA,10618,9.8
MINNESOTA,2211,16
MINNESOTA,12476,8.6
MINNESOTA,10760,12.7
MINNESOTA,17126,10.2
MINNESOTA,5118,13.2
MINNESOTA,14676,7.5
MINNESOTA,4897,22.1
MINNESOTA,14904,10.8
MINNESOTA,5451,17
MINNESOTA,3029,15.7
MINNESOTA,1476,22.9
MINNESOTA,2353,15.1
MINNESOTA,11423,12.1
MINNESOTA,1688,19.2
MINNESOTA,2883,31.2
MINNESOTA,2034,18.2
MINNESOTA,3217,24.7
MINNESOTA,1929,36.6
MINNESOTA,2051,20.2
MINNESOTA,1301,18
MISSISSIPPI,6420000,29.4
MISSISSIPPI,2046,18.1
MISSISSIPPI,2337,12.2
MISSISSIPPI,417116000,14.4
MISSISSIPPI,181879000,14.2
MISSISSIPPI,12726000,19.6
MISSISSIPPI,25655000,31.7
MISSISSIPPI,57825000,16.7
MISSISSIPPI,14238000,25.2
MISSISSIPPI,61162000,17.5
MISSISSIPPI,321728000,19.2
MISSISSIPPI,49165000,20.8
MISSISSIPPI,44799000,39
MISSISSIPPI,311372000,19.7
MISSISSIPPI,17255000,39
MISSISSIPPI,20689000,22.6
MISSISSIPPI,7610000,21.4
MISSISSIPPI,54811000,20.8
MISSISSIPPI,3955000,31.4
MISSISSIPPI,307070000,4.8
MISSISSIPPI,161796000,14.2
MISSISSIPPI,10053000,23.8
MISSISSIPPI,23906000,33.9
MISSISSIPPI,51997000,18.2
MISSISSIPPI,8477000,27.9
MISSISSIPPI,45934000,17.6
MISSISSIPPI,258454000,5.6
MISSISSIPPI,48616000,26.9
MISSISSIPPI,100047000,20.2
MISSISSIPPI,192240000,9.1
MISSISSIPPI,230075000,9.1
MISSISSIPPI,45096000,21.8
MISSISSIPPI,220155000,8.8
MISSISSIPPI,14714000,45
MISSISSIPPI,15758000,25
MISSISSIPPI,6199000,25
MISSISSIPPI,47418000,23.5
MISSISSIPPI,2827000,39.4
MISSISSIPPI,110046000,52.7
MISSISSIPPI,2673000,25.8
MISSISSIPPI,91653000,63.3
MISSISSIPPI,17809,15.4
MISSISSIPPI,800,18.7
MISSISSIPPI,8238,30.5
MISSISSIPPI,2205,19.7
MISSISSIPPI,2158,16.2
MISSISSIPPI,2696,28.2
MISSISSIPPI,1315,28.7
MISSISSIPPI,14683,12.6
MISSISSIPPI,2495,50.1
MISSISSIPPI,248,33.6
MISSISSIPPI,2713,11.2
MISSISSIPPI,2728,28.8
MISSISSIPPI,2168,18.3
MISSISSIPPI,4905,45.7
MISSISSIPPI,2041,18.7
MISSISSIPPI,2871,26.1
MISSISSIPPI,13702,19.2
MISSISSIPPI,671,20.9
MISSISSIPPI,6434,38.1
MISSISSIPPI,1972,21.7
MISSISSIPPI,1910,17.9
MISSISSIPPI,1701,37.5
MISSISSIPPI,1012,35.5
MISSISSIPPI,13078,20
MISSISSIPPI,623,35.8
MISSISSIPPI,2009,13
MISSISSIPPI,10977,22.4
MISSISSIPPI,11210,15.5
MISSISSIPPI,2311,54
MISSISSIPPI,2344,12.5
MISSISSIPPI,1975,34.7
MISSISSIPPI,1764,20
MISSISSIPPI,4012,55.3
MISSISSIPPI,1709,21.7
MISSISSIPPI,1898,32.1
MISSISSIPPI,4107,18.2
MISSISSIPPI,1804,30.2
MISSISSIPPI,3473,18.9
MISSOURI,27705000,18.8
MISSOURI,7707,10
MISSOURI,11652,15.5
MISSOURI,1341805000,4.7
MISSOURI,222145000,34.2
MISSOURI,65496000,15.4
MISSOURI,190616000,9.5
MISSOURI,528315000,14.8
MISSOURI,83773000,15.2
MISSOURI,239989000,17.6
MISSOURI,799831000,7.3
MISSOURI,317604000,15
MISSOURI,212899000,29.9
MISSOURI,730680000,9.9
MISSOURI,69548000,20.5
MISSOURI,227636000,17.7
MISSOURI,26662000,26.2
MISSOURI,260739000,23.4
MISSOURI,15069000,26.5
MISSOURI,1026723000,5.7
MISSOURI,131698000,31.6
MISSOURI,50782000,18.5
MISSOURI,148263000,10.2
MISSOURI,441969000,13.3
MISSOURI,57015000,16.8
MISSOURI,196996000,18.5
MISSOURI,909886000,7.4
MISSOURI,116837000,19.8
MISSOURI,319962000,14.8
MISSOURI,589241000,7.5
MISSOURI,689164000,7.9
MISSOURI,230276000,14.3
MISSOURI,107284000,29.8
MISSOURI,559373000,10.2
MISSOURI,43527000,23.6
MISSOURI,193687000,20.3
MISSOURI,23017000,29.7
MISSOURI,198282000,24.8
MISSOURI,315082000,7.3
MISSOURI,14714000,25.6
MISSOURI,42353000,23.3
MISSOURI,86346000,59.6
MISSOURI,26758000,31.3
MISSOURI,110667000,18.8
MISSOURI,87328000,39.8
MISSOURI,171308000,26.3
MISSOURI,26021000,37.9
MISSOURI,33949000,26.2
MISSOURI,62457000,57.8
MISSOURI,62298,6.8
MISSOURI,691,24.9
MISSOURI,21576,19.1
MISSOURI,12615,11
MISSOURI,10574,14.2
MISSOURI,11493,13.5
MISSOURI,3108,26.7
MISSOURI,50025,8.4
MISSOURI,8077,14.6
MISSOURI,1954,26.4
MISSOURI,10740,9.5
MISSOURI,8268,15.5
MISSOURI,18671,13.5
MISSOURI,6912,19.6
MISSOURI,7985,17.2
MISSOURI,7479,31
MISSOURI,45574,8.4
MISSOURI,454,21.9
MISSOURI,16406,24.2
MISSOURI,9210,12.3
MISSOURI,8780,14.7
MISSOURI,8050,16.6
MISSOURI,2675,30.3
MISSOURI,41477,8.8
MISSOURI,4097,23.2
MISSOURI,9163,14.5
MISSOURI,32128,10.5
MISSOURI,38319,10
MISSOURI,5876,17.1
MISSOURI,1379,34.1
MISSOURI,9218,10.7
MISSOURI,4930,19.8
MISSOURI,14660,15.7
MISSOURI,5801,22.4
MISSOURI,6116,19.8
MISSOURI,16723,10.5
MISSOURI,5170,20.5
MISSOURI,3405,23.5
MISSOURI,1794,42.7
MISSOURI,3443,22.9
MISSOURI,11706,14.8
MISSOURI,2201,28.2
MISSOURI,1522,18.6
MISSOURI,3338,24.9
MISSOURI,4011,25.9
MISSOURI,1869,34.7
NEBRASKA,41426000,17.9
NEBRASKA,8521,11.2
NEBRASKA,16817,9.3
NEBRASKA,2374995000,3.3
NEBRASKA,320034000,17.1
NEBRASKA,54015000,20
NEBRASKA,455368000,10.6
NEBRASKA,861423000,8
NEBRASKA,129895000,15.3
NEBRASKA,491055000,9.1
NEBRASKA,1358448000,4.2
NEBRASKA,547389000,9.6
NEBRASKA,437169000,12.3
NEBRASKA,1454261000,5.7
NEBRASKA,75081000,17.6
NEBRASKA,359986000,10.7
NEBRASKA,27898000,41.3
NEBRASKA,413998000,11.4
NEBRASKA,11783000,38.9
NEBRASKA,1962211000,3.2
NEBRASKA,249036000,16.9
NEBRASKA,45402000,23.6
NEBRASKA,398119000,11.8
NEBRASKA,721817000,9.2
NEBRASKA,112980000,17.4
NEBRASKA,408389000,10
NEBRASKA,1770024000,3.9
NEBRASKA,192187000,15.2
NEBRASKA,799005000,9.3
NEBRASKA,1030585000,5.7
NEBRASKA,65476000,25.7
NEBRASKA,1155284000,4.7
NEBRASKA,442836000,10.2
NEBRASKA,364091000,13
NEBRASKA,1210346000,6.1
NEBRASKA,60179000,21.3
NEBRASKA,314786000,12
NEBRASKA,340940000,13.2
NEBRASKA,10752000,42.5
NEBRASKA,412784000,11.5
NEBRASKA,8613000,16.5
NEBRASKA,57249000,19
NEBRASKA,139606000,14.1
NEBRASKA,16915000,19.3
NEBRASKA,82665000,21.5
NEBRASKA,203164000,8.2
NEBRASKA,104554000,26
NEBRASKA,243915000,15.1
NEBRASKA,14902000,22
NEBRASKA,45201000,15.8
NEBRASKA,73058000,20.2
NEBRASKA,68825,4.6
NEBRASKA,2484,12.3
NEBRASKA,11829,13.5
NEBRASKA,18500,10.1
NEBRASKA,18160,8.2
NEBRASKA,11126,12
NEBRASKA,5711,8.8
NEBRASKA,50908,5
NEBRASKA,12449,9.9
NEBRASKA,4489,15.9
NEBRASKA,20486,6.8
NEBRASKA,6811,15.3
NEBRASKA,19986,9
NEBRASKA,3173,26.5
NEBRASKA,13205,10.4
NEBRASKA,4185,22.4
NEBRASKA,56006,5.5
NEBRASKA,1866,12.7
NEBRASKA,9638,16.3
NEBRASKA,15698,11.5
NEBRASKA,14800,9.2
NEBRASKA,9498,13.7
NEBRASKA,4484,9.5
NEBRASKA,52266,5.6
NEBRASKA,3741,20
NEBRASKA,15782,10.5
NEBRASKA,36809,5.4
NEBRASKA,1819,23.5
NEBRASKA,42008,5.9
NEBRASKA,10645,11.2
NEBRASKA,3354,13.6
NEBRASKA,17357,7.9
NEBRASKA,5027,19.7
NEBRASKA,16937,10.3
NEBRASKA,10555,11.8
NEBRASKA,3442,26.3
NEBRASKA,12818,6.7
NEBRASKA,2191,13.1
NEBRASKA,2802,18.6
NEBRASKA,3360,17.9
NEBRASKA,1629,19.7
NEBRASKA,1227,21.9
NEBRASKA,8900,6.7
NEBRASKA,1804,17.7
NEBRASKA,3129,8
NEBRASKA,1783,18.7
NEBRASKA,3049,14.5
NEBRASKA,2650,21.5
NORTH CAROLINA,44843000,35.2
NORTH CAROLINA,5270,16.1
NORTH CAROLINA,5416,13.2
NORTH CAROLINA,253914000,4.1
NORTH CAROLINA,66674000,8.2
NORTH CAROLINA,46621000,14.7
NORTH CAROLINA,56091000,18.2
NORTH CAROLINA,62303000,10.6
NORTH CAROLINA,186651000,5.7
NORTH CAROLINA,49077000,17.1
NORTH CAROLINA,17922000,37
NORTH CAROLINA,46827000,14.9
NORTH CAROLINA,44195000,12.4
NORTH CAROLINA,64153000,11.7
NORTH CAROLINA,25568000,15.1
NORTH CAROLINA,52288000,14.5
NORTH CAROLINA,20619000,11
NORTH CAROLINA,225049000,4.3
NORTH CAROLINA,62250000,8.4
NORTH CAROLINA,40180000,13.8
NORTH CAROLINA,50830000,18.8
NORTH CAROLINA,57164000,11.1
NORTH CAROLINA,215755000,3.9
NORTH CAROLINA,24384000,21.3
NORTH CAROLINA,192525000,5.6
NORTH CAROLINA,169794000,5.6
NORTH CAROLINA,43099000,17.2
NORTH CAROLINA,12156000,22.7
NORTH CAROLINA,36137000,17.4
NORTH CAROLINA,39123000,13.1
NORTH CAROLINA,58952000,12.2
NORTH CAROLINA,24668000,15.6
NORTH CAROLINA,46109000,14
NORTH CAROLINA,20059000,11.3
NORTH CAROLINA,28865000,13.5
NORTH CAROLINA,4424000,34.7
NORTH CAROLINA,16856000,29.3
NORTH CAROLINA,5201000,40.9
NORTH CAROLINA,900000,36.5
NORTH CAROLINA,560000,28.3
NORTH CAROLINA,68665,4
NORTH CAROLINA,47976,6.2
NORTH CAROLINA,4850,12.9
NORTH CAROLINA,2436,15.6
NORTH CAROLINA,12834,10.1
NORTH CAROLINA,60968,4.4
NORTH CAROLINA,6411,12.8
NORTH CAROLINA,1114,24.7
NORTH CAROLINA,2025,16
NORTH CAROLINA,14950,11
NORTH CAROLINA,12362,9.4
NORTH CAROLINA,14119,10.2
NORTH CAROLINA,4904,13.1
NORTH CAROLINA,20133,8.7
NORTH CAROLINA,63923,4.2
NORTH CAROLINA,45322,6.5
NORTH CAROLINA,4434,13.7
NORTH CAROLINA,2115,15.6
NORTH CAROLINA,11762,10.4
NORTH CAROLINA,63164,4.2
NORTH CAROLINA,4210,18.8
NORTH CAROLINA,57649,4.6
NORTH CAROLINA,57218,4.6
NORTH CAROLINA,5679,13.8
NORTH CAROLINA,1027,25.9
NORTH CAROLINA,1688,17.1
NORTH CAROLINA,13778,11.5
NORTH CAROLINA,11435,9.5
NORTH CAROLINA,13528,10.6
NORTH CAROLINA,4614,13.5
NORTH CAROLINA,18881,8.9
NORTH CAROLINA,4742,13.6
NORTH CAROLINA,2654,17.4
NORTH CAROLINA,3750,18.7
NORTH CAROLINA,928,42.2
NORTH CAROLINA,591,27.3
NORTH CAROLINA,1252,35.7
NORTH DAKOTA,151364000,22.2
NORTH DAKOTA,4560,22.2
NORTH DAKOTA,4874,20
NORTH DAKOTA,866137000,3.3
NORTH DAKOTA,273117000,15.7
NORTH DAKOTA,6950000,41.5
NORTH DAKOTA,106286000,17.1
NORTH DAKOTA,198780000,8.5
NORTH DAKOTA,22046000,16.3
NORTH DAKOTA,253323000,8.6
NORTH DAKOTA,470227000,6.7
NORTH DAKOTA,246490000,14.8
NORTH DAKOTA,145488000,21
NORTH DAKOTA,467289000,9
NORTH DAKOTA,37298000,18.9
NORTH DAKOTA,125798000,10.3
NORTH DAKOTA,24206000,34.6
NORTH DAKOTA,197202000,11.3
NORTH DAKOTA,10412000,54.5
NORTH DAKOTA,545036000,3.3
NORTH DAKOTA,135898000,19
NORTH DAKOTA,3562000,25.4
NORTH DAKOTA,90054000,19.5
NORTH DAKOTA,141534000,10.3
NORTH DAKOTA,16244000,19.8
NORTH DAKOTA,156040000,9.8
NORTH DAKOTA,473676000,5.2
NORTH DAKOTA,71360000,35.7
NORTH DAKOTA,73560000,14.2
NORTH DAKOTA,448481000,4.7
NORTH DAKOTA,19754000,38.6
NORTH DAKOTA,319242000,8
NORTH DAKOTA,136598000,9.5
NORTH DAKOTA,89196000,30.1
NORTH DAKOTA,262481000,11.8
NORTH DAKOTA,25854000,22.2
NORTH DAKOTA,78486000,10.8
NORTH DAKOTA,21868000,38.2
NORTH DAKOTA,146449000,13.3
NORTH DAKOTA,321101000,6.8
NORTH DAKOTA,137219000,24.8
NORTH DAKOTA,3388000,80.9
NORTH DAKOTA,16232000,29.5
NORTH DAKOTA,57246000,15.1
NORTH DAKOTA,5802000,27.3
NORTH DAKOTA,97283000,16
NORTH DAKOTA,150985000,11.9
NORTH DAKOTA,109893000,31
NORTH DAKOTA,56292000,25.6
NORTH DAKOTA,204809000,13.7
NORTH DAKOTA,11444000,35.9
NORTH DAKOTA,47312000,20.9
NORTH DAKOTA,2337000,28.7
NORTH DAKOTA,50753000,21.5
NORTH DAKOTA,50903,10
NORTH DAKOTA,3870,11.4
NORTH DAKOTA,3489,22.5
NORTH DAKOTA,17617,27.4
NORTH DAKOTA,13382,11.4
NORTH DAKOTA,3861,14.7
NORTH DAKOTA,8314,10.3
NORTH DAKOTA,38883,13.4
NORTH DAKOTA,8278,13.1
NORTH DAKOTA,3375,15.2
NORTH DAKOTA,11432,6.7
NORTH DAKOTA,5372,26.5
NORTH DAKOTA,11363,10.6
NORTH DAKOTA,5555,48.3
NORTH DAKOTA,12699,29.7
NORTH DAKOTA,4116,51
NORTH DAKOTA,38833,12.8
NORTH DAKOTA,2425,14.2
NORTH DAKOTA,2508,23.1
NORTH DAKOTA,15723,30.6
NORTH DAKOTA,10058,14.4
NORTH DAKOTA,2578,18
NORTH DAKOTA,5540,12.6
NORTH DAKOTA,36822,13.9
NORTH DAKOTA,2012,27.3
NORTH DAKOTA,3764,13.2
NORTH DAKOTA,33369,14.6
NORTH DAKOTA,1529,60.4
NORTH DAKOTA,30692,16.7
NORTH DAKOTA,6002,17.3
NORTH DAKOTA,2139,20.6
NORTH DAKOTA,8039,8.9
NORTH DAKOTA,3607,36.1
NORTH DAKOTA,7735,13.1
NORTH DAKOTA,4902,54.7
NORTH DAKOTA,10853,34.6
NORTH DAKOTA,12070,7.7
NORTH DAKOTA,1445,19.2
NORTH DAKOTA,982,54.1
NORTH DAKOTA,1894,18.8
NORTH DAKOTA,3324,13.9
NORTH DAKOTA,1283,25.4
NORTH DAKOTA,2775,17.6
NORTH DAKOTA,8191,10.3
NORTH DAKOTA,2276,13.9
NORTH DAKOTA,1236,21.4
NORTH DAKOTA,3392,7.7
NORTH DAKOTA,1765,32.6
NORTH DAKOTA,3628,17.5
NORTH DAKOTA,653,23
NORTH DAKOTA,1846,17.5
OHIO,37769000,57.9
OHIO,11747,36.2
OHIO,12710,10.1
OHIO,1019011000,5.2
OHIO,124519000,14.4
OHIO,270397000,13.3
OHIO,201605000,20.6
OHIO,173193000,12.1
OHIO,152684000,26.9
OHIO,727168000,5.4
OHIO,163928000,14
OHIO,96170000,45.9
OHIO,458565000,16.5
OHIO,71218000,27.4
OHIO,177907000,12.1
OHIO,32372000,24.6
OHIO,230740000,11.7
OHIO,16464000,26.5
OHIO,844621000,6.1
OHIO,107470000,16.3
OHIO,229427000,14.5
OHIO,168538000,24
OHIO,153579000,12.8
OHIO,138563000,28.7
OHIO,774874000,7
OHIO,69747000,25.5
OHIO,254399000,20.9
OHIO,569346000,6.1
OHIO,635585000,5.7
OHIO,134455000,13.9
OHIO,395172000,18.8
OHIO,63010000,30.8
OHIO,137111000,13.1
OHIO,29260000,26.6
OHIO,205595000,12.5
OHIO,14473000,29.9
OHIO,174390000,7.1
OHIO,17049000,20.5
OHIO,40971000,34.1
OHIO,19614000,37.3
OHIO,91583000,15.4
OHIO,8208000,24.1
OHIO,40796000,28.9
OHIO,79786,9.4
OHIO,45167,15.2
OHIO,11654,10.1
OHIO,4287,14.2
OHIO,15907,11
OHIO,1086,23.4
OHIO,69348,10.6
OHIO,6971,14.1
OHIO,1897,27.9
OHIO,7965,12.7
OHIO,15398,28.6
OHIO,17535,12.2
OHIO,9071,15.5
OHIO,11203,11.6
OHIO,17044,33.8
OHIO,68046,10.9
OHIO,40137,16.9
OHIO,9811,10.6
OHIO,3266,16.2
OHIO,13757,11.1
OHIO,994,24.6
OHIO,61544,11.5
OHIO,6501,20.5
OHIO,13728,10.1
OHIO,53024,12.5
OHIO,60718,12
OHIO,5776,15.8
OHIO,6925,14.1
OHIO,13244,33
OHIO,14302,13.5
OHIO,8311,16.4
OHIO,9843,12.6
OHIO,15421,37.2
OHIO,11740,10.6
OHIO,5030,17.8
OHIO,1843,29.6
OHIO,2150,39.6
OHIO,8629,12.6
OHIO,2153,22.9
OHIO,3233,28.4
OKLAHOMA,726001000,17.8
OKLAHOMA,14803,14
OKLAHOMA,12637,19.3
OKLAHOMA,439405000,10.9
OKLAHOMA,116353000,42.3
OKLAHOMA,7370000,25.9
OKLAHOMA,44759000,18.1
OKLAHOMA,143811000,13.6
OKLAHOMA,34901000,23.6
OKLAHOMA,63832000,18
OKLAHOMA,226364000,12.2
OKLAHOMA,122390000,41.6
OKLAHOMA,76271000,28.4
OKLAHOMA,232741000,21.7
OKLAHOMA,35011000,20
OKLAHOMA,72122000,20.8
OKLAHOMA,12964000,36.7
OKLAHOMA,62244000,21.6
OKLAHOMA,322600000,6.4
OKLAHOMA,62236000,35.2
OKLAHOMA,38973000,19.9
OKLAHOMA,118064000,15
OKLAHOMA,27980000,27.4
OKLAHOMA,56054000,18.6
OKLAHOMA,314769000,6.4
OKLAHOMA,166380000,14.8
OKLAHOMA,133425000,15.3
OKLAHOMA,187591000,13.8
OKLAHOMA,66212000,17.8
OKLAHOMA,68798000,29
OKLAHOMA,168430000,13.7
OKLAHOMA,24508000,24.1
OKLAHOMA,60667000,23.8
OKLAHOMA,50976000,23.9
OKLAHOMA,116805000,37
OKLAHOMA,25747000,32.5
OKLAHOMA,38774000,24.5
OKLAHOMA,11455000,36.3
OKLAHOMA,52013,10
OKLAHOMA,1491,12.3
OKLAHOMA,6567,26.9
OKLAHOMA,10978,18.7
OKLAHOMA,13597,12.3
OKLAHOMA,13767,18.5
OKLAHOMA,4002,17.7
OKLAHOMA,40895,12.3
OKLAHOMA,7422,19.5
OKLAHOMA,2086,18.5
OKLAHOMA,7969,11.7
OKLAHOMA,11522,17.1
OKLAHOMA,13742,16.1
OKLAHOMA,7090,31.3
OKLAHOMA,5401,23.1
OKLAHOMA,42991,11.7
OKLAHOMA,1085,12.7
OKLAHOMA,9904,20.4
OKLAHOMA,11021,14.2
OKLAHOMA,12278,20.3
OKLAHOMA,3456,19.4
OKLAHOMA,41963,11.6
OKLAHOMA,12725,19.9
OKLAHOMA,28636,15.6
OKLAHOMA,34923,14.1
OKLAHOMA,6234,22.4
OKLAHOMA,1834,19.7
OKLAHOMA,7047,12.8
OKLAHOMA,9109,20.4
OKLAHOMA,11215,18.2
OKLAHOMA,4524,26.3
OKLAHOMA,9022,14.7
OKLAHOMA,2576,22.5
OKLAHOMA,5972,16.7
OKLAHOMA,2527,33.4
PENNSYLVANIA,173419000,12.4
PENNSYLVANIA,51988000,31.4
PENNSYLVANIA,29519000,20.2
PENNSYLVANIA,55718000,20.9
PENNSYLVANIA,120907000,12.9
PENNSYLVANIA,27417000,53.9
PENNSYLVANIA,42584000,29.6
PENNSYLVANIA,18470000,29.4
PENNSYLVANIA,34350000,14.8
PENNSYLVANIA,10494000,31.3
PENNSYLVANIA,55304000,28.7
PENNSYLVANIA,5261000,33.6
PENNSYLVANIA,136978000,15.1
PENNSYLVANIA,44291000,36.6
PENNSYLVANIA,21047000,22.5
PENNSYLVANIA,43372000,24.5
PENNSYLVANIA,105593000,11.8
PENNSYLVANIA,116194000,18.4
PENNSYLVANIA,95580000,15.3
PENNSYLVANIA,39747000,31.5
PENNSYLVANIA,26935000,16.2
PENNSYLVANIA,45856000,33.6
PENNSYLVANIA,4779000,36.8
PENNSYLVANIA,36441000,16.3
PENNSYLVANIA,7696000,21.1
PENNSYLVANIA,12346000,38.8
PENNSYLVANIA,25327000,21.5
PENNSYLVANIA,7378000,53.6
PENNSYLVANIA,7415000,35
PENNSYLVANIA,38910,9.8
PENNSYLVANIA,24461,15.5
PENNSYLVANIA,2988,19.2
PENNSYLVANIA,9817,19.8
PENNSYLVANIA,34965,10.5
PENNSYLVANIA,2271,32.1
PENNSYLVANIA,1424,24.3
PENNSYLVANIA,6820,23.2
PENNSYLVANIA,9655,24.4
PENNSYLVANIA,8048,28.5
PENNSYLVANIA,5312,19.6
PENNSYLVANIA,6570,24.1
PENNSYLVANIA,31920,11.7
PENNSYLVANIA,20494,17.9
PENNSYLVANIA,2405,21.7
PENNSYLVANIA,8496,22.2
PENNSYLVANIA,29151,12.4
PENNSYLVANIA,27452,12.2
PENNSYLVANIA,29434,12.1
PENNSYLVANIA,1257,26.6
PENNSYLVANIA,8016,28
PENNSYLVANIA,4535,22.1
PENNSYLVANIA,5725,27.2
PENNSYLVANIA,6990,12.5
PENNSYLVANIA,3967,23
PENNSYLVANIA,1321,35
PENNSYLVANIA,5530,15.9
PENNSYLVANIA,1619,38.5
PENNSYLVANIA,1639,44.1
SOUTH DAKOTA,27216000,50.7
SOUTH DAKOTA,3929,20
SOUTH DAKOTA,6824,14.2
SOUTH DAKOTA,1466518000,4.9
SOUTH DAKOTA,421745000,19
SOUTH DAKOTA,16562000,29.8
SOUTH DAKOTA,174295000,13.5
SOUTH DAKOTA,412205000,10.2
SOUTH DAKOTA,55653000,17
SOUTH DAKOTA,358201000,15
SOUTH DAKOTA,764890000,9.5
SOUTH DAKOTA,443361000,19.1
SOUTH DAKOTA,238361000,15.7
SOUTH DAKOTA,956807000,8.5
SOUTH DAKOTA,50065000,26.2
SOUTH DAKOTA,176278000,13
SOUTH DAKOTA,15689000,31.4
SOUTH DAKOTA,243994000,10.9
SOUTH DAKOTA,3779000,37
SOUTH DAKOTA,862680000,3.8
SOUTH DAKOTA,202187000,16.3
SOUTH DAKOTA,14670000,33.4
SOUTH DAKOTA,133465000,15.1
SOUTH DAKOTA,295319000,9.5
SOUTH DAKOTA,40050000,21.7
SOUTH DAKOTA,169038000,16.1
SOUTH DAKOTA,790335000,5.1
SOUTH DAKOTA,72345000,25.4
SOUTH DAKOTA,293169000,12.6
SOUTH DAKOTA,517059000,5.1
SOUTH DAKOTA,38025000,36
SOUTH DAKOTA,543954000,6.2
SOUTH DAKOTA,204764000,14.4
SOUTH DAKOTA,113963000,14.5
SOUTH DAKOTA,505631000,7.1
SOUTH DAKOTA,30124000,24.7
SOUTH DAKOTA,147010000,15.2
SOUTH DAKOTA,164709000,13.3
SOUTH DAKOTA,603838000,10.6
SOUTH DAKOTA,219558000,33.3
SOUTH DAKOTA,1892000,26.6
SOUTH DAKOTA,40830000,29.7
SOUTH DAKOTA,116887000,26.8
SOUTH DAKOTA,15603000,24.4
SOUTH DAKOTA,189162000,24.5
SOUTH DAKOTA,220936000,29.1
SOUTH DAKOTA,238598000,33.4
SOUTH DAKOTA,124398000,27.1
SOUTH DAKOTA,451175000,16.2
SOUTH DAKOTA,19941000,54.2
SOUTH DAKOTA,29268000,16.4
SOUTH DAKOTA,79285000,18.8
SOUTH DAKOTA,40301,4.6
SOUTH DAKOTA,3026,10.2
SOUTH DAKOTA,4436,25
SOUTH DAKOTA,9010,10.7
SOUTH DAKOTA,12311,7.8
SOUTH DAKOTA,5564,14.9
SOUTH DAKOTA,5555,15.3
SOUTH DAKOTA,27970,6.7
SOUTH DAKOTA,8057,10.1
SOUTH DAKOTA,3914,16.8
SOUTH DAKOTA,12939,8.9
SOUTH DAKOTA,5825,22.3
SOUTH DAKOTA,9260,10.6
SOUTH DAKOTA,1671,25.4
SOUTH DAKOTA,9187,10.8
SOUTH DAKOTA,1059,25.8
SOUTH DAKOTA,28191,5.8
SOUTH DAKOTA,1702,12.3
SOUTH DAKOTA,3713,29.6
SOUTH DAKOTA,7017,12
SOUTH DAKOTA,9250,9.2
SOUTH DAKOTA,3863,19.1
SOUTH DAKOTA,2606,14.2
SOUTH DAKOTA,25940,5.9
SOUTH DAKOTA,2250,20.6
SOUTH DAKOTA,6435,15.2
SOUTH DAKOTA,20564,5.6
SOUTH DAKOTA,862,31.3
SOUTH DAKOTA,20854,7.5
SOUTH DAKOTA,5221,13.2
SOUTH DAKOTA,2116,17.7
SOUTH DAKOTA,7974,8.6
SOUTH DAKOTA,4377,27.1
SOUTH DAKOTA,7205,13.1
SOUTH DAKOTA,6805,13.6
SOUTH DAKOTA,12111,7.2
SOUTH DAKOTA,1324,17.1
SOUTH DAKOTA,723,18.4
SOUTH DAKOTA,1993,23.5
SOUTH DAKOTA,3061,14.5
SOUTH DAKOTA,1701,22.3
SOUTH DAKOTA,2949,25.9
SOUTH DAKOTA,7116,14.2
SOUTH DAKOTA,2836,15.4
SOUTH DAKOTA,1799,30
SOUTH DAKOTA,4965,18.7
SOUTH DAKOTA,1449,37
SOUTH DAKOTA,2055,12.3
SOUTH DAKOTA,2383,15.1
TEXAS,3138,45.6
TEXAS,3956,38.8
TEXAS,2015807000,32.3
TEXAS,62174,12
TEXAS,22526,17.8
TEXAS,1952435000,10.6
TEXAS,281741000,14.6
TEXAS,102998000,22.4
TEXAS,268044000,24.9
TEXAS,601863000,23.4
TEXAS,189581000,22.8
TEXAS,426458000,21
TEXAS,1168551000,15.2
TEXAS,465944000,21.1
TEXAS,277008000,16.2
TEXAS,713550000,13.6
TEXAS,181111000,22.8
TEXAS,540038000,23.7
TEXAS,76642000,22.7
TEXAS,327353000,23.8
TEXAS,72809000,34.5
TEXAS,1718798000,11.8
TEXAS,178164000,11.3
TEXAS,97606000,23.3
TEXAS,255950000,26
TEXAS,578255000,24.3
TEXAS,181483000,23.7
TEXAS,391304000,22.7
TEXAS,1605961000,13.3
TEXAS,112837000,26.4
TEXAS,350387000,30.7
TEXAS,1215320000,13.1
TEXAS,83814000,65.8
TEXAS,69276000,23.5
TEXAS,1095794000,16.2
TEXAS,440263000,22.2
TEXAS,182741000,13
TEXAS,577529000,16
TEXAS,174442000,23.6
TEXAS,515594000,24.8
TEXAS,67273000,25.3
TEXAS,312723000,24.9
TEXAS,71238000,35.2
TEXAS,233637000,16.9
TEXAS,12094000,26.7
TEXAS,23608000,31.9
TEXAS,35155000,34.9
TEXAS,72757000,18.8
TEXAS,136021000,22.5
TEXAS,24445000,26.3
TEXAS,210021,7
TEXAS,6137,16.6
TEXAS,56345,13.1
TEXAS,39263,16.5
TEXAS,36189,15.6
TEXAS,44035,21.2
TEXAS,26411,29.1
TEXAS,170057,8.6
TEXAS,28119,20.3
TEXAS,10343,15.9
TEXAS,30545,16.7
TEXAS,40359,18.2
TEXAS,55295,17.4
TEXAS,30475,19.5
TEXAS,36512,16.9
TEXAS,15333,18.4
TEXAS,192321,7.5
TEXAS,4588,19
TEXAS,54979,13.4
TEXAS,35203,18.1
TEXAS,31365,17.3
TEXAS,40908,22.6
TEXAS,25201,30.4
TEXAS,182826,8.1
TEXAS,9494,24.5
TEXAS,18707,16.3
TEXAS,156943,8
TEXAS,5411,59.3
TEXAS,11259,23.7
TEXAS,157403,9.2
TEXAS,26286,21.5
TEXAS,8632,17.7
TEXAS,27244,18.5
TEXAS,38683,18.9
TEXAS,47786,19.7
TEXAS,28262,20.8
TEXAS,35495,17.3
TEXAS,14850,18.8
TEXAS,17700,12.6
TEXAS,4059,26.9
TEXAS,4824,30.7
TEXAS,1210,30.6
TEXAS,12655,16.9
TEXAS,3301,24
TEXAS,7509,24.6
WASHINGTON,37152000,38.5
WASHINGTON,3716,20.1
WASHINGTON,3377,17.8
WASHINGTON,416411000,10.9
WASHINGTON,87768000,34.4
WASHINGTON,20867000,21.5
WASHINGTON,61138000,19.8
WASHINGTON,136967000,25.3
WASHINGTON,26677000,30.2
WASHINGTON,68069000,24.2
WASHINGTON,253266000,7.7
WASHINGTON,71598000,24.6
WASHINGTON,76622000,46.2
WASHINGTON,193710000,22.4
WASHINGTON,27749000,29.9
WASHINGTON,59001000,17.8
WASHINGTON,11478000,36.5
WASHINGTON,101354000,23.4
WASHINGTON,8194000,41.7
WASHINGTON,322337000,11.3
WASHINGTON,53437000,28.3
WASHINGTON,18015000,24.4
WASHINGTON,122254000,28.2
WASHINGTON,54592000,27.4
WASHINGTON,299151000,10.4
WASHINGTON,109965000,14.8
WASHINGTON,204052000,16.3
WASHINGTON,215091000,8.2
WASHINGTON,62916000,27.4
WASHINGTON,148539000,23.6
WASHINGTON,43464000,20.6
WASHINGTON,90196000,26.1
WASHINGTON,94074000,28.8
WASHINGTON,2852000,30.4
WASHINGTON,11885000,36
WASHINGTON,14713000,23.9
WASHINGTON,38176000,21.2
WASHINGTON,45171000,56.5
WASHINGTON,4788000,38.4
WASHINGTON,15537000,35.8
WASHINGTON,11158000,28.6
WASHINGTON,22871,10.6
WASHINGTON,1050,20
WASHINGTON,7945,23.1
WASHINGTON,3651,19.6
WASHINGTON,4861,15.4
WASHINGTON,3583,23.8
WASHINGTON,1585,23.4
WASHINGTON,18483,12.1
WASHINGTON,3440,20.9
WASHINGTON,753,26.9
WASHINGTON,3296,16.4
WASHINGTON,3407,22
WASHINGTON,6936,19.3
WASHINGTON,2782,35.5
WASHINGTON,3670,20.9
WASHINGTON,2585,36.5
WASHINGTON,19606,12.2
WASHINGTON,698,28.8
WASHINGTON,6885,26.3
WASHINGTON,4386,16.9
WASHINGTON,1260,27.2
WASHINGTON,18556,12.7
WASHINGTON,3897,19.1
WASHINGTON,14734,15
WASHINGTON,16352,13.5
WASHINGTON,2941,23
WASHINGTON,2702,19.5
WASHINGTON,6235,21.2
WASHINGTON,3103,23.9
WASHINGTON,3266,10.5
WASHINGTON,1061,26.4
WASHINGTON,465,28.9
WASHINGTON,475,22.5
WASHINGTON,2130,17.2
WASHINGTON,593,18.6
WASHINGTON,405,26.3
WASHINGTON,701,27.5
WASHINGTON,567,35.2
WISCONSIN,11413,17
WISCONSIN,579953000,8.1
WISCONSIN,110700000,9
WISCONSIN,132509000,15.1
WISCONSIN,80709000,21.7
WISCONSIN,145630000,13
WISCONSIN,403593000,5.4
WISCONSIN,81317000,22
WISCONSIN,154440000,28.9
WISCONSIN,89966000,13.7
WISCONSIN,154411000,13.4
WISCONSIN,33047000,14.3
WISCONSIN,109396000,15
WISCONSIN,28060000,16.4
WISCONSIN,406572000,4.7
WISCONSIN,89052000,10.5
WISCONSIN,92614000,19.5
WISCONSIN,105569000,15.8
WISCONSIN,358184000,5.9
WISCONSIN,48388000,21.7
WISCONSIN,77272000,18.7
WISCONSIN,305068000,8
WISCONSIN,301735000,6.6
WISCONSIN,68186000,25.1
WISCONSIN,91837000,20.2
WISCONSIN,69342000,16.1
WISCONSIN,111764000,16
WISCONSIN,25741000,17.2
WISCONSIN,83813000,17.8
WISCONSIN,24076000,18.5
WISCONSIN,173381000,24.9
WISCONSIN,21648000,15.9
WISCONSIN,39895000,21.9
WISCONSIN,40061000,22.1
WISCONSIN,101858000,9
WISCONSIN,20624000,25.2
WISCONSIN,42647000,24.5
WISCONSIN,7306000,23
WISCONSIN,25583000,26.6
WISCONSIN,3984000,28.8
WISCONSIN,81673,4.4
WISCONSIN,51511,7.1
WISCONSIN,8065,13.8
WISCONSIN,2484,20.8
WISCONSIN,18274,10
WISCONSIN,71566,4.7
WISCONSIN,8091,16
WISCONSIN,2369,18.1
WISCONSIN,18800,11.9
WISCONSIN,15952,11.3
WISCONSIN,15528,13.2
WISCONSIN,6197,15.4
WISCONSIN,22022,9.8
WISCONSIN,65159,5.2
WISCONSIN,42863,8.1
WISCONSIN,5883,17.6
WISCONSIN,14088,12.1
WISCONSIN,56830,5.2
WISCONSIN,8329,16.4
WISCONSIN,9725,14.8
WISCONSIN,52687,5.9
WISCONSIN,57203,5.5
WISCONSIN,7152,17.7
WISCONSIN,1684,23.2
WISCONSIN,15057,13.6
WISCONSIN,12292,13.4
WISCONSIN,12380,15.7
WISCONSIN,4632,18.6
WISCONSIN,19114,11
WISCONSIN,16514,6.9
WISCONSIN,8648,14
WISCONSIN,2182,18.1
WISCONSIN,4186,16.5
WISCONSIN,14363,8.3
WISCONSIN,3743,24.7
WISCONSIN,3660,19.6
WISCONSIN,3148,20.6
WISCONSIN,1566,25.7
WISCONSIN,2908,18
